GitHub_URL,misuse_count_of_Early_Stopping,misuse_count_of_Data_Drift,misuse_count_of_Testing_Schema_Mismatch,misuse_count_of_Improper_Handling_ML_API_Limit,misuse_count_of_Training_Checkpoint,misuse_count_of_batch
https://github.com/0wuxinyun/Microsoft_AI_Competition,1,1,1,1,0,1
https://github.com/1010code/Flask-API-example-with-ML-model-GCP,1,1,1,0,0,0
https://github.com/10xNation/google-sentiment-analysis,1,1,1,1,0,0
https://github.com/99sbr/fastapi-template,1,1,1,1,1,0
https://github.com/ABDFMSM/AOAI-RAG-Sources,1,1,1,0,0,0
https://github.com/AHaryanto/azure-automl-mlops,1,1,1,1,0,0
https://github.com/AI-Engineer-Foundation/agent-protocol,1,1,1,0,0,0
https://github.com/AIAnytime/Azure-Enterprise-Private-GPT-App,1,1,1,1,0,0
https://github.com/AIchenkai/EasyLLM,1,1,1,0,0,0
https://github.com/AJV009/mood_detector,1,1,1,1,0,0
https://github.com/AUTOMATIC1111/stable-diffusion-webui,1,1,1,0,0,1
https://github.com/Aashish-1008/ml-trainer,1,1,1,0,0,0
https://github.com/Ai-Austin/Bing-GPT-Voice-Assistant,1,1,1,0,0,0
https://github.com/AjinkyaGhadge/Google-Cloud-based-ALPR,1,1,1,0,0,0
https://github.com/Alaa-Dawoud/Azure-Cognitive,1,1,1,0,0,0
https://github.com/Alekh-sinha/google_translator,1,1,1,1,0,2
https://github.com/Alexander-Urbina/Machine-Learning-with-Tensolflow-on-GCP,1,1,1,0,0,0
https://github.com/AndreCerva/Using-Azure-Custom-Vision-IoT-Hub-and-Raspberry-to-object-detection,1,1,1,1,0,0
https://github.com/Andrik-Ts-019/Face-detection-with-attributes,1,1,1,0,0,0
https://github.com/Aniket-Gamre/An-end-to-end-automated-AWS-Data-Lake-Formation-using-Amazon-Forecast,1,1,1,0,1,0
https://github.com/AninditaGuha98/Learning-Management-System-serverless-application,1,1,1,1,1,1
https://github.com/Anrufliste/dt-sms-api-sdk-python,1,1,1,0,0,1
https://github.com/AntonioBorssat0/OpenAI-AzureCognitiveSerach,1,1,1,1,0,1
https://github.com/AntonioBorssat0/azure-cognitive-services-with-python,1,1,1,1,0,0
https://github.com/Ark-kun/google_cloud_mlflow,1,1,1,1,0,0
https://github.com/Ashi-commits/FaceMaskDetection_with_Azure,1,1,1,0,0,0
https://github.com/Ashish-Bhoi/OCR_GCV_API,1,1,1,1,0,0
https://github.com/Auto1111SDK/Auto1111SDK,1,1,1,1,1,1
https://github.com/Autonoma-AI/vertex-pipeline-example,1,1,1,1,1,0
https://github.com/Avi197/Google-Cloud-Platform-Document-AI,1,1,1,1,0,0
https://github.com/Ayoola/face-detection,1,1,1,0,0,0
https://github.com/Azure-Samples/Custom-vision-service-iot-edge-raspberry-pi,1,1,1,1,1,1
https://github.com/Azure-Samples/MLOpsDatabricks,1,1,1,1,0,2
https://github.com/Azure-Samples/MachineLearning-MusicGeneration,1,1,1,1,0,0
https://github.com/Azure-Samples/MachineLearningSamples-ImageClassificationUsingCntk,1,1,1,1,0,0
https://github.com/Azure-Samples/ai-rag-chat-evaluator,1,1,1,1,0,2
https://github.com/Azure-Samples/aistudio-python-langchain-sample,1,1,1,1,0,0
https://github.com/Azure-Samples/azure-cosmos-db-graph-python-getting-started,1,1,1,0,0,0
https://github.com/Azure-Samples/azure-cosmos-db-python-getting-started,1,1,1,1,0,0
https://github.com/Azure-Samples/azure-search-openai-demo,1,1,1,1,0,2
https://github.com/Azure-Samples/azure-sql-db-django,1,1,1,0,0,0
https://github.com/Azure-Samples/azure-sql-db-python-rest-api,1,1,1,1,0,0
https://github.com/Azure-Samples/azureai-assistant-tool,1,1,1,1,0,1
https://github.com/Azure-Samples/chat-with-your-data-solution-accelerator,1,1,1,0,0,1
https://github.com/Azure-Samples/functions-python-azureml-azurefunctions-deeplearning,1,1,1,1,0,0
https://github.com/Azure-Samples/functions-python-tensorflow-tutorial,1,1,1,1,1,0
https://github.com/Azure-Samples/ms-identity-python-on-behalf-of,1,1,1,0,0,0
https://github.com/Azure-Samples/ms-identity-python-webapi-azurefunctions,1,1,1,1,0,0
https://github.com/Azure/Azure-Machine-Learning-Adoption-Framework,1,1,1,1,0,0
https://github.com/Azure/DevOps-For-AI-Apps,1,1,1,0,0,0
https://github.com/Azure/IntelligentEdgeHOL,1,1,1,0,0,1
https://github.com/Azure/ObjectDetectionUsingCntk,1,1,1,0,0,0
https://github.com/Azure/PyRIT,1,1,1,1,0,0
https://github.com/Azure/Stormspotter,1,1,1,1,0,0
https://github.com/Azure/aistudio-copilot-sample,1,1,1,1,0,0
https://github.com/Azure/aml-compute,1,1,1,1,0,0
https://github.com/Azure/aml-deploy,1,1,1,1,0,0
https://github.com/Azure/aml-registermodel,1,1,1,1,0,0
https://github.com/Azure/aml-run,1,1,1,1,0,0
https://github.com/Azure/aml-template,1,1,1,1,0,0
https://github.com/Azure/aml-workspace,1,1,1,1,0,0
https://github.com/Azure/azcv,1,1,1,1,0,0
https://github.com/Azure/azspeech2txt,1,1,1,1,0,0
https://github.com/Azure/azure-capi-cli-extension,1,1,1,1,0,0
https://github.com/Azure/azure-docs-sdk-java,1,1,1,0,0,0
https://github.com/Azure/intelligent-app-workshop,1,1,1,0,0,0
https://github.com/Azure/mlops-project-template,1,1,1,1,0,0
https://github.com/Azure/mlops-templates,1,1,1,1,1,0
https://github.com/Azure/review-checklists,1,1,1,0,0,2
https://github.com/Banbury-inc/BubbasBrains,1,1,1,1,0,1
https://github.com/BastinFlorian/RAG-on-GCP-with-VertexAI,1,1,1,1,0,1
https://github.com/BerriAI/litellm,1,1,1,0,1,1
https://github.com/Bert-JanP/Hunting-Queries-Detection-Rules,1,1,1,0,0,0
https://github.com/BillGPT/AzureBingAI,1,1,1,0,0,0
https://github.com/BingHongLi/ncu_gcp_ai_project,1,1,1,1,1,0
https://github.com/BiomedSciAI/histocartography,1,1,1,0,0,1
https://github.com/BlakeAvery/PottyPot,1,1,1,1,0,1
https://github.com/Boburmirzo/datox-azure-ai-search-example,1,1,1,1,0,0
https://github.com/Branyac/tello-innovation-challenge,1,1,1,1,0,0
https://github.com/BrentenDovey-ACG/azure-ai-cognitive-services-cli-tool,1,1,1,1,0,0
https://github.com/BrianGK314/BOOK-AI,1,1,1,1,0,0
https://github.com/CCExtractor/Rekognition,1,1,1,1,1,1
https://github.com/CaravelApp/serverless-example,1,1,1,0,0,0
https://github.com/Carleslc/ImageToText,1,1,1,1,0,0
https://github.com/ChatGPT4U/azure_building_systems_w_chatgpt_api,1,1,1,0,0,0
https://github.com/ChavanVaishu18/AITranslateHub,1,1,1,0,0,0
https://github.com/ClareNewman/sentiment-analysis,1,1,1,1,0,0
https://github.com/Cloud-Community-Group/Azure-Cognitive-Services_Sentiment-Analysis,1,1,1,1,0,0
https://github.com/CloudAdvocacy/ObjectDetection,1,1,1,0,0,0
https://github.com/CloudBreadPaPa/azureml-tensorflow-object-detection,1,1,1,1,1,0
https://github.com/CloudXNS/CloudXNS_Python3_SDK,1,1,1,0,0,0
https://github.com/ConchaLang/gcnl_lite,1,1,1,1,1,0
https://github.com/CruzHacks2019/iris-backend,1,1,1,1,0,0
https://github.com/CruzHacks2019/iris-raspi,1,1,1,1,0,0
https://github.com/CuttleLabs/cuttle-cli,1,1,1,0,0,0
https://github.com/Cyb3rWard0g/azure-loganalytics-api-clients,1,1,1,0,0,0
https://github.com/Danxyeal/xliff-google-translator,1,1,1,1,0,0
https://github.com/DarkPhyber-hg/OCRforPaperless-ngx,1,1,1,1,0,0
https://github.com/DataBiosphere/dsub,1,1,1,1,0,0
https://github.com/DataSciNAll/amlvsvertexai,1,1,1,1,0,0
https://github.com/DataTurks-Engg/Automatic_tagging_of_clothing_in_E-Commerce,1,1,1,1,1,1
https://github.com/DatateraTechnology/Inspector,1,1,1,1,1,2
https://github.com/DeeprajPandey/gina,1,1,1,0,0,0
https://github.com/DennizSvens/azure-voice-assistant,1,1,1,1,0,0
https://github.com/Dev-R/multi-modal-classification,1,1,1,1,0,0
https://github.com/Diego0106/SecureBot,1,1,1,1,0,0
https://github.com/EmmanuelAllanMJ/OpenCV-Flask-App,1,1,1,0,0,0
https://github.com/EmperorArthurIX/Web-Search-For-Prompt-Engineering,1,1,1,0,0,0
https://github.com/FabrizioPuzzo/Object-detection-in-videos,1,1,1,1,0,0
https://github.com/Filip9322/nlpguide_rest_api,1,1,1,0,0,0
https://github.com/FourthBrain/FastAPI-for-Machine-Learning-Live-Demo,1,1,1,0,0,0
https://github.com/FrootLoops101/Stocks-Prediction-using-FB-Prophet,1,1,1,0,0,0
https://github.com/GONZOsint/gvision,1,1,1,1,0,0
https://github.com/GaiZhenbiao/ChuanhuChatGPT,1,1,1,1,1,1
https://github.com/GoogleCloudPlatform/explainable_ai_sdk,1,1,1,1,1,1
https://github.com/GoogleCloudPlatform/gce-rescue,1,1,1,0,0,0
https://github.com/GoogleCloudPlatform/getting-started-python,1,1,1,1,1,0
https://github.com/GoogleCloudPlatform/security-analytics,1,1,1,0,0,0
https://github.com/GoogleCloudPlatform/tensorflow-gcp-tools,1,1,1,1,1,1
https://github.com/GunshipPenguin/spreadsheetfs,1,1,1,0,0,0
https://github.com/H3NR1QU3M4LT4/azureml-infra-tools,1,1,1,1,0,0
https://github.com/HariSekhon/DevOps-Python-tools,1,1,1,0,1,1
https://github.com/HuangruiChu/gcp-flask-ml-deploy,1,1,1,0,0,0
https://github.com/IAmigos/avatar-image-generator,1,1,1,0,0,2
https://github.com/IamVigneshC/GCP-ETL-Processing-on-Google-Cloud-Using-Dataflow-and-BigQuery,1,1,1,0,0,0
https://github.com/Ian-OBrien-503/python-flask-googleML-web-app,1,1,1,1,0,0
https://github.com/IntelligenzaArtificiale/Free-Auto-GPT,1,1,1,0,0,0
https://github.com/Intility/fastapi-azure-auth,1,1,1,1,0,0
https://github.com/JesseAldridge/bulk-translate,1,1,1,0,0,0
https://github.com/Jimut123/jimutmap,1,1,1,0,0,2
https://github.com/JordanEvan77/Amazon-Sales-Forecast,1,1,1,1,1,0
https://github.com/JuanCaEspinosa1993/machine-learning-GCP-deploy,1,1,1,0,0,0
https://github.com/Kalsoomalik/EmailClassifier,1,1,1,0,1,0
https://github.com/Khushi-Chaudhary04/review-sentiment-analyzer,1,1,1,0,0,0
https://github.com/KoushikNavuluri/Claude-API,1,1,1,0,0,1
https://github.com/KoushikNavuluri/stable-diffusion-xl-api,1,1,1,0,0,0
https://github.com/Kritika37/Translator-using-Azure,1,1,1,0,0,1
https://github.com/LavanyaPedada/TensorFlow-ObjectDetection-API-Orchestration-in-Azure-MLS,1,1,1,1,1,1
https://github.com/LazaUK/AOAI-GPT4Vision-Streamlit-SDKv1,1,1,1,0,0,0
https://github.com/LiaoWenzhe/dataRisk-detection-resources,1,1,1,0,0,0
https://github.com/Lightning-AI/pytorch-lightning,1,1,0,0,0,1
https://github.com/LingweiMeng/MyChatGPT,1,1,1,0,0,0
https://github.com/ListenFirstMedia/lf-python-sdk,1,1,1,0,0,0
https://github.com/Lockstep-Network/lockstep-sdk-python,1,1,1,0,0,0
https://github.com/LonamiWebs/Telethon,1,1,1,0,0,1
https://github.com/LoydNgei/Azure_Translator_AI,1,1,1,0,0,0
https://github.com/LukasHaas/cs329s-covid-prediction,1,1,1,1,0,0
https://github.com/MGheini/gcp-translation-api-script,1,1,1,1,0,1
https://github.com/MaheshSQL/cognitive-semantic-search-openai-accelerator,1,1,1,1,0,0
https://github.com/MahmoudAbdelhafezGH/AutomatedMLPyCaret,1,1,1,0,0,0
https://github.com/ManishaRana1195/Chat_Application_With_AWS_Lambda,1,1,1,0,1,0
https://github.com/Maxzeno/lord_of_the_rings_sdk,1,1,1,0,0,0
https://github.com/MicrosoftDocs/pipelines-azureml,1,1,1,1,0,0
https://github.com/MishaAli/Azure-bing-search-API,1,1,1,0,0,0
https://github.com/MrBriit/Google_Cloud_Deployment,1,1,1,0,0,0
https://github.com/Mroziy/Network-Traffic-Analysis-Platform,1,1,1,0,0,0
https://github.com/MsftArg-AI/OpenAI-CognitiveSearch,1,1,1,1,0,1
https://github.com/My-Machine-Learning-Projects-CT/Amazon-Personalize-utility-demo-scripts,1,1,1,0,1,0
https://github.com/NVIDIA-Merlin/gcp-ml-ops,1,1,1,1,1,0
https://github.com/Neerajpokala/Azure_Project,1,1,1,0,0,0
https://github.com/NeonLe96/Image-to-zipcode,1,1,1,1,0,1
https://github.com/Netflix/metaflow,1,1,1,1,1,1
https://github.com/Netflix/security_monkey,1,1,1,0,1,1
https://github.com/Neufal777/api-mlh,1,1,1,0,0,0
https://github.com/Neurobiologist/COVID-Social-Media-Analyzer,1,1,1,1,0,0
https://github.com/NidheeshaT/vertexai-api,1,1,1,1,0,0
https://github.com/NikhilSehgal123/Azure-OpenAI-SQL,1,1,1,1,0,0
https://github.com/NimbleBoxAI/nbox,1,1,1,0,0,1
https://github.com/Observer-L/FaceRecognition-PK,1,1,1,1,0,0
https://github.com/OpenBMB/BMList,1,1,1,0,0,0
https://github.com/OrganizationBin/trans_video_subs,1,1,1,1,0,0
https://github.com/OscarSantosMu/azure-ml-workspace-creation,1,1,1,1,0,0
https://github.com/PRASENJIT321/FaceMaskDetector,1,1,1,0,0,0
https://github.com/PacktPublishing/Practical-Guide-to-Azure-Cognitive-Services,1,1,1,1,0,0
https://github.com/Parinitha456/Gen-AI-CI-Pipeline-Python-Flask-API-with-Azure-artifacts,1,1,1,0,0,2
https://github.com/Patrick-Davis-MSFT/azure-search-openai-demo-altered,1,1,1,1,0,1
https://github.com/Paulescu/hands-on-train-and-deploy-ml,1,1,1,0,0,1
https://github.com/PolideaInternal/airflow-gcp-spy,1,1,1,0,0,0
https://github.com/PradeepThapa/Real-time-face-detection,1,1,1,0,0,0
https://github.com/PriyaKedia1004/azure_ai_search,1,1,1,1,0,0
https://github.com/PublicI/pdf-gcv-ocr,1,1,1,0,0,0
https://github.com/Pythagora-io/gpt-pilot,1,1,1,1,0,0
https://github.com/QuivrHQ/quivr,1,1,1,0,0,1
https://github.com/RHaran98/automatedML_pipeline,1,1,1,0,0,0
https://github.com/Raiseku/Gemini-Bot,1,1,1,1,0,0
https://github.com/Rapptz/discord.py,1,1,1,0,0,1
https://github.com/RemcoDewlde/CustomVision,1,1,1,1,1,0
https://github.com/RhinoSecurityLabs/ccat,1,1,1,0,1,2
https://github.com/RockChinQ/free-one-api,1,1,1,0,0,0
https://github.com/RocketGod-git/rekognition-bot,1,1,1,0,1,0
https://github.com/RodrigoPombo/cogn_azure,1,1,1,0,0,0
https://github.com/Rodrigossz/Python-Custom-Skills-Toolkit,1,1,1,1,0,0
https://github.com/SaiSudhaPanigrahi/patch,1,1,1,1,0,0
https://github.com/SakshamSri/Face-Detection-Azure-Face-API,1,1,1,1,0,1
https://github.com/SanjanSRao/AutomatedML,1,1,1,0,0,0
https://github.com/Sanster/IOPaint,1,1,1,0,0,1
https://github.com/SaschaDittmann/MLOps-Databricks,1,1,1,1,0,0
https://github.com/ScottStevenWhite/DocsInARow,1,1,1,1,0,0
https://github.com/ShubhamVermaTheDeveloper/azure-open-ai-using-python-fast-api,1,1,1,0,0,0
https://github.com/SilentDemonSD/WZML-X,1,1,1,0,0,0
https://github.com/SoftBlankie/4chan-sentiment,1,1,1,1,0,0
https://github.com/Sofwath/GoogleCloudVisionOCR,1,1,1,1,0,0
https://github.com/SohilZidan/dps-vertex-ai,1,1,1,1,1,0
https://github.com/Soluto/python-flask-sklearn-docker-template,1,1,1,0,0,0
https://github.com/Souvik1406/automatedMLBySouvikRoy,1,1,1,0,0,0
https://github.com/SrijithVenkat/image-to-text-translation,1,1,0,1,1,0
https://github.com/Stability-AI/generative-models,1,1,1,0,0,1
https://github.com/Stephen-Hallett/function-chain-theorycraft,1,1,1,1,0,0
https://github.com/Subrahmanyajoshi/Cancer-Detection-using-GCP,1,1,1,1,0,0
https://github.com/SuijkerbuijkP/Detectron2-GCP,1,1,1,1,0,1
https://github.com/SunLisa/sentiment-tweets,1,1,1,1,0,0
https://github.com/Swarnimashukla/Automatic-attendance-management-system,1,1,1,0,0,0
https://github.com/Taher5253/Invoicepdf2Data,1,1,1,0,0,0
https://github.com/Tarek98/instagram_tldr,1,1,1,0,0,1
https://github.com/TejodhayBonam/livefaceemotions,1,1,1,1,0,0
https://github.com/Teman-Tani-Bangkit/ML-Deploy,1,1,1,1,0,0
https://github.com/Terance98/azure-crop-detection,1,1,1,1,0,0
https://github.com/Textualize/textual,1,1,1,0,0,1
https://github.com/ThousandOfWind/AIVideoGenerator,1,1,1,0,0,1
https://github.com/TobeTek/deploy-gradio-ml-on-gcp,1,1,1,0,0,0
https://github.com/TrainerDex/PogoOCR,1,1,1,1,0,0
https://github.com/TransformerOptimus/SuperAGI,1,1,1,0,1,1
https://github.com/Tsarpf/tensorflow-object-detection,1,1,1,1,1,0
https://github.com/Tylersuard/Azure-Custom-Vision-Real-Time-Object-Detection,1,1,1,1,1,0
https://github.com/VarunBhandary/GCP_BigDataMachineLearning_Course,1,1,1,0,0,0
https://github.com/WENDYWEN20/automatedMLapp,1,1,1,0,0,0
https://github.com/Wannabeasmartguy/GPT-Gradio-Agent,1,1,1,0,0,0
https://github.com/WattTime/watttime-python-client,1,1,1,0,0,1
https://github.com/YUSRA100/Attendance-System-through-Face-Detection-and-Recognition-from-Azure-Cognitive-Services-API,1,1,1,0,0,1
https://github.com/YaoFANGUK/video-subtitle-remover,1,1,1,0,0,1
https://github.com/YiVal/YiVal,1,1,1,0,0,1
https://github.com/YoheiFukuhara/gcp-aip-test,1,1,1,0,0,0
https://github.com/Zarxrax/png2srt,1,1,1,0,0,0
https://github.com/aaarif796/Image-Analyses-and-Object-Detection-Microsoft-Azure-,1,1,1,1,0,0
https://github.com/aakash-rathore/BigQueryML,1,1,1,0,0,0
https://github.com/aalagura/AzureOpenAI-SemanticSearch-Chroma,1,1,1,0,0,0
https://github.com/abal6725/GCP,1,1,1,1,0,1
https://github.com/abhiagwl4262/azure_ops,1,1,1,0,0,0
https://github.com/acheong08/ChatGPT,1,1,1,0,0,1
https://github.com/acheong08/EdgeGPT,1,1,1,0,0,0
https://github.com/adi-panda/Kuebiko,1,1,1,0,0,0
https://github.com/adi5krish/Real-Time-Face-Swapping-Tool-using-Deepfake-Algorithm,1,1,1,0,0,0
https://github.com/ael-computas/gcp_cloudsql_airflow_bigquery,1,1,1,0,0,0
https://github.com/ageitgey/face_recognition,1,1,1,0,0,0
https://github.com/ahmedsmostafa/databricks-azureml-mlops,1,1,1,1,0,0
https://github.com/aimlnerd/Deploy-machine-learning-model,1,1,1,0,0,0
https://github.com/aio-libs/aiohttp,1,1,1,0,0,1
https://github.com/airbytehq/airbyte,1,1,1,0,1,0
https://github.com/ajananth/openai-cogsrch-fsi,1,1,1,1,0,1
https://github.com/ajaykumar-gajula/Azure-Ai-Search,1,1,1,1,0,0
https://github.com/akash89032/AzureSearch-OpenAI-Demo,1,1,1,1,0,1
https://github.com/akashgreninja/Azure-Cognitive-Services-translator,1,1,1,0,0,0
https://github.com/akbariskndr/mnist-keras-model-gcaip-prediction,1,1,1,1,0,0
https://github.com/alexentwistle/Language,1,1,1,1,0,2
https://github.com/alexsnow348/data-engineering-big-data-ml-gcp,1,1,1,0,0,0
https://github.com/alexvanboxel/airflow-gcp-examples,1,1,1,0,0,0
https://github.com/alfonsof/google-cloud-python-examples,1,1,1,1,0,1
https://github.com/algattik/azure-mlops-terraform,1,1,1,1,0,0
https://github.com/aljannuzzi/gptazuresearch,1,1,1,0,0,0
https://github.com/aljazst/Android-Strings.xml-Translator,1,1,1,1,0,1
https://github.com/alsonyap-cermati/aiplatform-mlflow-sample,1,1,1,1,1,0
https://github.com/alvarobartt/vertex-ai-huggingface-inference-toolkit,1,1,1,1,1,0
https://github.com/alyshaarshad/query-summarisation-sample,1,1,1,1,0,0
https://github.com/amazon-archives/aws-robomaker-sample-application-persondetection,1,1,1,0,0,0
https://github.com/amicks/Speculator,1,1,1,1,1,0
https://github.com/aminelemaizi/docker-gcp-ml,1,1,1,1,0,0
https://github.com/amitkkumra/ImageDescriptionAzAICV,1,1,1,1,0,0
https://github.com/anantpanthri/GCP_playground,1,1,1,1,0,0
https://github.com/anasty17/mirror-leech-telegram-bot,1,1,1,0,0,0
https://github.com/anhassan/Azure-Databricks-Code-Search-Using-Azure-Repos-Apis,1,1,1,0,0,2
https://github.com/ankurchavda/streamify,1,1,1,1,0,0
https://github.com/anrbn/GATOR,1,1,1,0,0,1
https://github.com/anrbn/GCP-Attack-Defense,1,1,1,0,0,0
https://github.com/anshu-mishra1603/personalized-movie-recommendations-with-Amazon-Personalize,1,1,1,0,1,0
https://github.com/ansible-collections/google.cloud,1,1,1,1,1,1
https://github.com/apache/airflow,1,1,1,0,1,0
https://github.com/apinf/ml-rest,1,1,1,0,0,1
https://github.com/arfatex/Data-Engineering-Big-Data-and-Machine-Learning-on-GCP,1,1,1,0,0,0
https://github.com/artefactory/deploy-fastai-torchserve-aiplatform,1,1,1,0,0,0
https://github.com/arunpshankar/VertexAI-Document-Discovery,1,1,1,0,0,1
https://github.com/asashiho/gcp-machine-learning,1,1,1,1,0,1
https://github.com/ashish1sasmal/Dataset-Building-Using-Microsoft-Bing,1,1,1,0,0,0
https://github.com/asyml/texar,1,1,1,1,1,0
https://github.com/asyml/texar-pytorch,1,1,1,1,1,0
https://github.com/au-tom-atic/-tweentity,1,1,1,1,0,0
https://github.com/augerai/a2ml,1,1,1,1,1,1
https://github.com/autodistill/autodistill-azure-vision,1,1,1,1,0,0
https://github.com/aws-samples/amazon-comprehend-active-learning-framework,1,1,1,0,1,0
https://github.com/aws-samples/amazon-comprehend-automated-pdf-prelabeling-tool,1,1,1,0,1,1
https://github.com/aws-samples/amazon-comprehend-custom-automate-classification-it-service-request,1,1,1,0,1,0
https://github.com/aws-samples/amazon-comprehend-custom-entity-recognizer-api-example,1,1,1,0,1,0
https://github.com/aws-samples/amazon-comprehend-doc-search,1,1,1,0,1,0
https://github.com/aws-samples/amazon-comprehend-pii-redaction-wrapper,1,1,1,0,1,0
https://github.com/aws-samples/amazon-comprehend-s3-object-lambda-functions,1,1,1,0,1,0
https://github.com/aws-samples/amazon-comprehend-semi-structured-documents-annotation-tools,1,1,1,0,1,1
https://github.com/aws-samples/amazon-forecast-automation,1,1,1,0,1,0
https://github.com/aws-samples/amazon-forecast-continuous-training-demo,1,1,1,0,1,0
https://github.com/aws-samples/amazon-forecast-mlops-pipeline-cdk,1,1,1,0,1,0
https://github.com/aws-samples/amazon-location-detected-addresses-to-map,1,1,1,0,1,0
https://github.com/aws-samples/amazon-personalize-automated-retraining,1,1,1,0,1,0
https://github.com/aws-samples/amazon-personalize-connectors,1,1,1,0,1,2
https://github.com/aws-samples/amazon-personalize-data-conversion-pipeline,1,1,1,0,1,0
https://github.com/aws-samples/amazon-personalize-ingestion-pipeline,1,1,1,0,1,0
https://github.com/aws-samples/amazon-personalize-langchain-extensions,1,1,1,0,1,0
https://github.com/aws-samples/amazon-personalize-monitor,1,1,1,0,1,1
https://github.com/aws-samples/amazon-personalize-pinpoint-contextual-targeting,1,1,1,0,1,0
https://github.com/aws-samples/amazon-rekognition-custom-labels-a2i-automated-continuous-model-improvement,1,1,1,0,1,0
https://github.com/aws-samples/amazon-rekognition-custom-labels-batch-processing,1,1,1,0,1,0
https://github.com/aws-samples/amazon-rekognition-face-detection-video-stream,1,1,1,0,1,0
https://github.com/aws-samples/amazon-rekognition-face-liveness-demo,1,1,1,0,1,0
https://github.com/aws-samples/amazon-rekognition-large-scale-processing,1,1,1,0,1,1
https://github.com/aws-samples/amazon-rekognition-ppe,1,1,1,0,1,0
https://github.com/aws-samples/amazon-rekognition-reviewing-user-content,1,1,1,0,1,0
https://github.com/aws-samples/amazon-rekognition-serverless-large-scale-image-and-video-processing,1,1,1,0,1,0
https://github.com/aws-samples/amazon-sagemaker-groundtruth-and-amazon-comprehend-ner-examples,1,1,1,0,1,0
https://github.com/aws-samples/amazon-sagemaker-personalized-generative-ai,1,1,1,0,1,0
https://github.com/aws-samples/amazon-textract-and-amazon-comprehend-medical-claims-example,1,1,1,0,1,0
https://github.com/aws-samples/amazon-textract-comprehend-OCRimage-search-and-analyze,1,1,1,0,1,0
https://github.com/aws-samples/amazon-textract-comprehend-a2i,1,1,1,0,1,0
https://github.com/aws-samples/amazon-textract-comprehend-pii-analysis,1,1,1,0,1,0
https://github.com/aws-samples/amazon-transcribe-comprehend-podcast,1,1,1,0,1,1
https://github.com/aws-samples/aws-deeplens-smart-garage,1,1,1,0,1,0
https://github.com/aws-samples/aws-deeplens-worker-safety-project,1,1,1,0,1,0
https://github.com/aws-samples/aws-textract-comprehend-lex-chatbot,1,1,1,0,1,1
https://github.com/aws-samples/energy-bsee-nlp,1,1,1,0,1,0
https://github.com/aws-samples/lambda-refarch-image-moderation-chatbot,1,1,1,0,1,0
https://github.com/aws-samples/personalization-apis,1,1,1,0,1,1
https://github.com/aws-samples/personalized-travel-itinerary-planner,1,1,1,0,1,0
https://github.com/aws-samples/rekognition-identity-verification,1,1,1,0,1,0
https://github.com/aws-samples/rekognition-streaming-video-events,1,1,1,0,1,0
https://github.com/aws-samples/serverless-hotdog-detector,1,1,1,0,1,0
https://github.com/aws-samples/workshop-textract-comprehend-es,1,1,1,0,1,1
https://github.com/aws-solutions/improving-forecast-accuracy-with-machine-learning,1,1,1,0,1,1
https://github.com/aws-solutions/maintaining-personalized-experiences-with-machine-learning,1,1,1,0,1,1
https://github.com/awslabs/aws-ai-solution-kit,1,1,1,0,1,1
https://github.com/ayaka14732/tpu-starter,1,1,1,1,1,0
https://github.com/babysor/MockingBird,1,1,1,0,0,1
https://github.com/badal-io/gcp-airflow-foundations,1,1,1,0,0,1
https://github.com/bartcode/gcp-ml-framework,1,1,1,1,1,1
https://github.com/bartleyg/ocrpdf,1,1,1,1,0,0
https://github.com/benjamintokgoez/AISQLintegratedSearch,1,1,1,1,0,0
https://github.com/bentoml/BentoML,1,1,1,1,1,1
https://github.com/bentoml/OpenLLM,1,1,1,0,0,1
https://github.com/bfrymire/py-google-play-description-translate,1,1,1,0,0,0
https://github.com/bigmlcom/python,1,1,1,0,1,0
https://github.com/blakeblackshear/frigate,1,1,1,1,0,1
https://github.com/blockchain-etl/ethereum-etl,1,1,1,1,1,1
https://github.com/blue-yonder/azure-cost-mon,1,1,1,1,0,0
https://github.com/boehm-e/google_nlp_to_spacy,1,1,1,1,0,0
https://github.com/bregman-arie/devops-exercises,1,1,1,0,1,0
https://github.com/bregman-arie/gcpctl,1,1,1,1,0,1
https://github.com/bridgecrewio/checkov,1,1,1,0,1,1
https://github.com/briglx/AzureBillingReports,1,1,1,1,0,2
https://github.com/bsab/azure-function-python-blob,1,1,1,1,0,0
https://github.com/budtmo/docker-android,1,1,1,0,0,0
https://github.com/bupticybee/ChineseAiDungeonChatGPT,1,1,1,0,0,0
https://github.com/bwilliams2/AzureOpenAIDocSearch,1,1,1,1,0,0
https://github.com/cado-security/cloudgrep,1,1,1,1,1,1
https://github.com/cankurttekin/translates-images-in-bulk-on-google-cloud,1,1,1,1,0,0
https://github.com/capfish-yjy/raspberrypi_azure_face_recognition,1,1,1,1,0,0
https://github.com/carlospolop/PurplePanda,1,1,1,1,0,1
https://github.com/carrier-io/open_ai_azure_api,1,1,1,1,0,0
https://github.com/casper-hansen/Web-Scraping-Reddit,1,1,1,0,0,1
https://github.com/cflores713/pineappleProject,1,1,1,1,0,1
https://github.com/chatanywhere/GPT_API_free,1,1,1,0,0,0
https://github.com/chayansraj/Data-Pipeline-with-dbt-using-Airflow-on-GCP,1,1,1,1,0,0
https://github.com/chonyy/AI-basketball-analysis,1,1,1,1,1,0
https://github.com/christianlehre/facial-recognition-cv,1,1,1,0,0,0
https://github.com/cisagov/untitledgoosetool,1,1,1,1,0,0
https://github.com/cjoakim/azure-cosmos-db-vector-search-openai-python,1,1,1,1,0,1
https://github.com/cleanlab/cleanlab,1,1,0,1,1,0
https://github.com/cloud-custodian/cloud-custodian,1,1,1,1,1,0
https://github.com/comfyanonymous/ComfyUI,1,1,1,0,0,1
https://github.com/cosmic-cortex/fastAPI-ML-quickstart,1,1,1,0,0,0
https://github.com/crosslibs/incremental-ingestion-using-airflow,1,1,1,0,0,0
https://github.com/cs231n/gcloud,1,1,1,1,1,0
https://github.com/csiebler/azure-cognitive-services-snippets,1,1,1,0,0,0
https://github.com/csiebler/azure-search-custom-skill,1,1,1,1,0,0
https://github.com/daiiz/cloud-vision,1,1,1,0,0,0
https://github.com/damsarasam/agricultural-drone-project,1,1,1,0,0,0
https://github.com/danielholgate/jsonl_dataset_helper,1,1,1,0,0,0
https://github.com/dark-theme-org/ai-shorts,1,1,1,0,1,0
https://github.com/darklight7/Book-Translator,1,1,1,1,0,0
https://github.com/darktrace/gcp-vsensor-quickstart,1,1,1,0,0,0
https://github.com/darwin403/translate-transcribe-videos,1,1,1,0,1,0
https://github.com/dataiku/dss-plugin-amazon-comprehend-nlp-medical,1,1,1,0,1,0
https://github.com/dataiku/dss-plugin-azure-cognitive-services-nlp,1,1,1,1,0,0
https://github.com/dataiku/dss-plugin-google-cloud-nlp,1,1,1,1,0,0
https://github.com/dataiku/dss-plugin-nlp-google-cloud-translation,1,1,1,1,0,0
https://github.com/dazfuller/python-azure-faceapi-demo,1,1,1,0,0,1
https://github.com/dennisfelczy/OpenAI_Document_Analyzer,1,1,1,1,0,0
https://github.com/dimitristaufer/Cloud-NLP-Evaluation,1,1,1,1,1,2
https://github.com/dinosauria123/gcv2hocr,1,1,1,0,0,0
https://github.com/dinosauria123/makepdf,1,1,1,0,0,0
https://github.com/dirkjanm/ROADtools,1,1,1,0,0,1
https://github.com/djinn/bingbang,1,1,1,0,0,0
https://github.com/djpugh/fastapi_aad_auth,1,1,1,0,0,1
https://github.com/dmuth/twitter-aws-comprehend,1,1,1,0,0,0
https://github.com/donnieprakoso/Husky-Not-Husky,1,1,1,0,1,0
https://github.com/drcrook1/DataBricks_ML_DevOps,1,1,1,1,1,0
https://github.com/dream-faster/fold,1,1,1,0,0,0
https://github.com/drivendataorg/cloudpathlib,1,1,1,1,1,0
https://github.com/drmanhatin/remove_background_function,1,1,1,1,0,0
https://github.com/drrobotk/GCP_stuff,1,1,1,0,0,1
https://github.com/dshoreman/albert-translate,1,1,1,1,0,0
https://github.com/dstackai/dstack,1,1,1,1,1,1
https://github.com/earlvanze/Paragon-MLS-API-Interface,1,1,1,0,0,1
https://github.com/edenai/edenai-apis,1,1,1,0,1,1
https://github.com/edgeimpulse/example-linux-object-detection-with-azure,1,1,1,1,0,0
https://github.com/edmondchensj/samaritan-backend,1,1,1,0,1,0
https://github.com/egnyte/cloudimized,1,1,1,1,0,1
https://github.com/elliebirbeck/model-deployment-flask,1,1,1,0,0,0
https://github.com/elunez/azure-manager,1,1,1,1,0,0
https://github.com/emedvedev/attention-ocr,1,1,1,1,1,0
https://github.com/emilysoueu/End-to-End-Machine-Learning,1,1,1,1,0,0
https://github.com/encode/django-rest-framework,1,1,1,0,0,1
https://github.com/ensamblador/recomendaciones-rest-api,1,1,1,0,1,0
https://github.com/entrpn/serving-model-cards,1,1,1,1,1,2
https://github.com/explosion/spaCy,1,1,1,0,0,1
https://github.com/facebookresearch/fairseq,1,1,1,0,1,1
https://github.com/facefusion/facefusion,1,1,1,0,0,1
https://github.com/falconry/falcon,1,1,1,0,0,1
https://github.com/fchouteau/isae-gcp-hackathon,1,1,1,0,0,0
https://github.com/fedeoliv/azure-search-custom-skill-python,1,1,1,1,0,0
https://github.com/ferrycode/ai-driven-social-media-dashboard,1,1,1,0,1,1
https://github.com/feyzxf/aws-sam-recommendation-api-sample,1,1,1,0,1,0
https://github.com/fleuryc/oc_ingenieur-ia_P1-decouvrez-le-metier-d-ingenieur-ia,1,1,1,0,0,1
https://github.com/flumi3/speech-to-text,1,1,1,1,0,0
https://github.com/flywheel-apps/google-cloud-automl,1,1,1,1,1,1
https://github.com/foggy-rustaceans/security-hub,1,1,1,1,0,1
https://github.com/forseti-security/forseti-security,1,1,1,1,1,1
https://github.com/fossasia/susi_api_wrapper,1,1,1,0,0,0
https://github.com/foyoux/pygtrans,1,1,1,0,0,1
https://github.com/francesco-sodano/birdy,1,1,1,1,0,0
https://github.com/fsaleemm/acs-vector-semantic,1,1,1,1,0,0
https://github.com/fsspec/gcsfs,1,1,1,1,0,0
https://github.com/fujikosu/aml-tf-object-detection-deployment,1,1,1,1,1,0
https://github.com/fujikosu/tf-object-detection-DSVM,1,1,1,1,1,1
https://github.com/fuzzylabs/vertex-edge,1,1,1,1,0,0
https://github.com/gautamaggarwal2810/Conversational_Insights_from_Invoices_Solution,1,1,1,0,1,1
https://github.com/gautamvr/DocumentProcessor_GCP,1,1,1,1,1,1
https://github.com/gbPagano/terminal-translator,1,1,1,1,0,0
https://github.com/gbowerman/azurerm,1,1,1,1,0,1
https://github.com/gclouduniverse/notebook_training,1,1,1,0,0,0
https://github.com/geekan/MetaGPT,1,1,1,1,1,1
https://github.com/geeknam/python-gcm,1,1,1,0,0,0
https://github.com/genia-dev/GeniA,1,1,1,0,1,1
https://github.com/georgezhao2010/azure_cognitive_speech,1,1,1,0,0,0
https://github.com/georgianacaliman/Flask_App_AI,1,1,1,0,0,0
https://github.com/getindata/kedro-azureml,1,1,1,1,0,2
https://github.com/getindata/kedro-vertexai,1,1,1,1,0,2
https://github.com/girishp92/Human-activity-recognition-using-Recurrent-Neural-Nets-RNN-LSTM-and-Tensorflow-on-Smartphones,1,1,1,1,1,0
https://github.com/gloveboxes/Create-a-talking-image-recognition-solution-with-Azure-IoT-Edge-Azure-Cognitive-Services,1,1,1,1,1,1
https://github.com/gloveboxes/Creating-an-image-recognition-solution-with-Azure-IoT-Edge-and-Azure-Cognitive-Services,1,1,1,1,1,1
https://github.com/gmanchon/gcp-ai-template,1,1,1,1,0,0
https://github.com/gmikels/googlecloud-scikitlearn-imdb,1,1,1,1,0,0
https://github.com/goblet/goblet_workflows,1,1,1,0,0,1
https://github.com/goh-chunlin/Lunar.Face,1,1,1,1,0,0
https://github.com/goldenm-software/layrz-sdk,1,1,1,0,0,0
https://github.com/google-coral/pycoral,1,1,1,0,0,1
https://github.com/google-gemini/generative-ai-python,1,1,1,1,0,1
https://github.com/google-research/plur,1,1,1,1,1,1
https://github.com/google-research/seed_rl,1,1,1,1,1,1
https://github.com/google/aistplusplus_api,1,1,1,0,0,0
https://github.com/google/alligator2,1,1,1,1,1,1
https://github.com/google/gcp_scanner,1,1,1,1,0,0
https://github.com/google/vertex-pipelines-boilerplate,1,1,1,1,0,0
https://github.com/google/viai-sdk,1,1,1,1,0,1
https://github.com/googleapis/python-documentai-toolbox,1,1,1,1,0,1
https://github.com/googlecodelabs/analyze_gsimg,1,1,1,1,0,0
https://github.com/googlecodelabs/cloud-vision-python,1,1,1,1,0,0
https://github.com/googleinterns/ddsp-docker,1,1,1,1,1,0
https://github.com/gorilla-llm/gorilla-cli,1,1,1,0,0,2
https://github.com/gpt-engineer-org/gpt-engineer,1,1,1,0,0,0
https://github.com/growupboron/Obj-OCR,1,1,1,0,0,0
https://github.com/guitarparty/bingsearch,1,1,1,0,0,0
https://github.com/gurvindersingh/mlapp,1,1,1,0,0,0
https://github.com/gve-vse-tim/spark-gcp-babelfish,1,1,1,0,0,1
https://github.com/hagarz/Speech-to-text-translator,1,1,1,1,0,1
https://github.com/hakaioffsec/gcp_enum,1,1,1,0,0,0
https://github.com/harrybanda/QuickSeek,1,1,1,0,1,1
https://github.com/hassanhabib/anki_robot_with_azure,1,1,1,0,0,0
https://github.com/hiyouga/LLaMA-Factory,1,1,1,0,0,1
https://github.com/hpcaitech/ColossalAI,1,1,1,1,1,1
https://github.com/httpie/cli,1,1,1,0,0,1
https://github.com/httpie/http-prompt,1,1,1,0,0,1
https://github.com/hydrol0x/earnings.ly,1,1,1,0,1,0
https://github.com/hystax/optscale,1,1,1,0,1,0
https://github.com/iAli61/Azure_AI_Search_Indexer,1,1,1,1,0,0
https://github.com/ignaciofls/custom_formrecog,1,1,1,1,0,1
https://github.com/ignaciofls/custom_read_api,1,1,1,1,0,1
https://github.com/ignaciofls/openaiskill,1,1,1,1,0,0
https://github.com/ignaciofls/summarizationcs,1,1,1,1,0,1
https://github.com/iht/vertex-tfx-pipeline,1,1,1,1,1,0
https://github.com/ijlm/Analisis_texto_Azure,1,1,1,1,0,0
https://github.com/ikedaosushi/serverless-amazon-personalize-example,1,1,1,0,1,0
https://github.com/ilhamaulanap/data-warehouse-gcp-airflow,1,1,1,1,0,0
https://github.com/imransalam/gcp-ai-platform-hyperparameter-tuning-tf2,1,1,1,1,1,0
https://github.com/initstring/cloud_enum,1,1,1,0,0,2
https://github.com/insitro/redun,1,1,1,0,1,1
https://github.com/iusztinpaul/energy-forecasting,1,1,1,1,0,0
https://github.com/ivangabriele/openai-autogen-dev-studio,1,1,1,0,0,1
https://github.com/j-mo/segment-personalize-workshop,1,1,1,0,1,1
https://github.com/jaked0626/translate-pdfs,1,1,1,1,0,1
https://github.com/james-jory/amazon-personalize-movielens-inference-demo,1,1,1,0,1,0
https://github.com/jameschrisa/Sentiment_GCNL,1,1,1,1,0,0
https://github.com/janaom/gcp-data-engineering-etl-with-composer-dataflow,1,1,1,1,0,0
https://github.com/jaredfiacco2/Airflow_GoogleCloudComposer_PostGreSQL,1,1,1,0,0,0
https://github.com/jeffdavidcrockett/RESTful-API-example-with-a-test-Software-Development-Kit,1,1,1,0,0,0
https://github.com/jhammarstedt/MLOps-Kubeflow_in_GCP,1,1,1,1,0,0
https://github.com/jimbobbennett/HappySadAngryWorkshop,1,1,1,1,0,0
https://github.com/jimbobbennett/SpeechToTextSamples,1,1,1,1,0,0
https://github.com/jimbobbennett/TwitchCaptioner,1,1,1,1,0,0
https://github.com/jina-ai/jina,1,1,1,0,0,1
https://github.com/jixjia/promptflow-hybrid-search-rag,1,1,1,0,0,0
https://github.com/jjjkkkjjj/cldvis-txtmodifier,1,1,1,1,0,0
https://github.com/jmbl1685/flask-cloudinary-faceapi,1,1,1,0,0,0
https://github.com/jmetzz/speech-translation,1,1,1,1,0,0
https://github.com/joelcthomas/ml-azuredatabricks,1,1,1,1,0,0
https://github.com/john-hope/DS4002-Project2,1,1,1,0,0,0
https://github.com/jonas-msg/rag-workshop,1,1,1,1,0,0
https://github.com/jonathanscholtes/LangChain-RAG-Pattern-with-React-FastAPI-and-Cosmos-DB-Vector-Store,1,1,1,1,0,0
https://github.com/jordanpotti/CloudScraper,1,1,1,0,0,0
https://github.com/joris68/Search-Comparison-Pinecone-CognitiveSearch,1,1,1,1,0,0
https://github.com/jsnajder/latex-google-translate,1,1,1,1,0,0
https://github.com/jtac/DiscordGPT,1,1,1,0,0,0
https://github.com/jvillegasd/AWS_FaceRekog,1,1,1,0,1,0
https://github.com/k164596848/LLM_Experiment,1,1,1,0,0,0
https://github.com/kabirkhan/cookiecutter-azure-search-cognitive-skill,1,1,1,0,0,0
https://github.com/kalinathalie/GCPSpray,1,1,1,0,0,0
https://github.com/kalosisz/tf-gcp-multi-worker-example,1,1,1,1,1,0
https://github.com/karmab/kcli,1,1,1,1,1,1
https://github.com/karoel2/Speech-to-SQL,1,1,1,1,0,0
https://github.com/karolzak/cntk-python-web-service-on-azure,1,1,1,0,0,0
https://github.com/karolzak/support-tickets-classification,1,1,1,1,0,0
https://github.com/karthikn16/translator-using-azure,1,1,1,0,0,0
https://github.com/kaushikjadhav01/Stock-Market-Prediction-Web-App-using-Machine-Learning-And-Sentiment-Analysis,1,1,1,0,0,0
https://github.com/kazuya-iwami/amazon-forecast-pipeline,1,1,1,0,1,0
https://github.com/kazzyabe/Google_Cloud_Natural_Language_API_Examination,1,1,1,1,0,0
https://github.com/kellyquek/Google-Cloud-Natural-Language,1,1,1,1,0,0
https://github.com/ken-krebs/SocialMediaAnalyzer,1,1,1,1,0,0
https://github.com/kevinhillinger/e2e-azure-search-sample,1,1,1,1,0,0
https://github.com/khandeas/Sentiment-Analysis-BERT-FedCommunication,1,1,1,0,0,0
https://github.com/kibomamoses/Datawarehousing-Automation-with-GCP-Airflow,1,1,1,1,0,0
https://github.com/kim4848/AzureOpenAiOpenApi,1,1,1,0,0,1
https://github.com/kimanikelly/contracts-sdk,1,1,1,0,0,0
https://github.com/kimtth/azure-prompt-flow-qa-rag,1,1,1,1,0,0
https://github.com/kobaltcore/renpy-translate,1,1,1,1,0,1
https://github.com/kodesam/GCP-Machine-learning,1,1,1,1,1,1
https://github.com/koernigo/databricksMLOpsAzureDemo,1,1,1,1,1,1
https://github.com/kramcat/CharacterAI,1,1,1,0,0,0
https://github.com/kumarmukesh2626/azure_cognitive_service_api,1,1,1,1,1,1
https://github.com/kuutsav/MLOps,1,1,1,0,0,0
https://github.com/kyhau/reko,1,1,1,0,1,0
https://github.com/landy22granatt/Kumpulan-Script-Termux,0,0,0,0,0,0
https://github.com/laurx2/OCR_RAG,1,1,1,1,0,0
https://github.com/lemariva/uPyIoT,1,1,1,0,0,1
https://github.com/lenadroid/airflow-azure,1,1,1,0,0,0
https://github.com/leongj/azure-search-demo-csv-loader,1,1,1,1,0,0
https://github.com/leskinen3594/FastAPI_ws,1,1,1,1,0,0
https://github.com/lfbraz/face-detection-tutorial,1,1,1,1,0,1
https://github.com/lfbraz/gpt-code-analysis,1,1,1,0,0,0
https://github.com/lhenault/simpleAI,1,1,1,0,0,1
https://github.com/lijeffrey39/HQBot,1,1,1,1,0,0
https://github.com/littlecodersh/ItChat,1,1,1,0,0,1
https://github.com/liupeirong/tensorflow_objectdetection_azureml,1,1,1,1,1,0
https://github.com/llSourcell/Machine-Learning-API-Tutorial,1,1,1,1,1,0
https://github.com/llSourcell/azure_machine_learning,1,1,1,1,0,0
https://github.com/lordlinus/Enterprise-ChatGPT,1,1,1,1,0,1
https://github.com/lrakai/sagemaker-forecast-flight-delays,1,1,1,0,0,0
https://github.com/machinalis/featureforge,1,1,1,0,0,2
https://github.com/machine-learning-apps/ml-template-azure,1,1,1,1,0,0
https://github.com/madebygps/cosmos-vector-aoai,1,1,1,1,0,0
https://github.com/madeinusmate/Podcast-Translator,1,1,1,1,0,1
https://github.com/maguri/lpr-gcloud,1,1,1,1,0,0
https://github.com/maoyuexin/Vendor-Analysis-with-OpenAI-and-Azure-Cognitive-Service,1,1,1,0,0,0
https://github.com/marcjoha/visionary,1,1,1,0,0,1
https://github.com/marcus-suresh/Microsoft-Azure-AI-102_computer_vision,1,1,1,1,0,0
https://github.com/marcus-suresh/Microsoft-Azure-AI-102_facial_recognition,1,1,1,1,0,0
https://github.com/marvinbuss/MLDevOps,1,1,1,1,1,0
https://github.com/matrousseau/Multi-Faces-Emotion-Detection-in-real-time-using-Azure,1,1,1,0,0,0
https://github.com/mattkri/BlueIris-SmartDetection,1,1,1,1,0,0
https://github.com/meet5398/Chatbot-using-Dialogflow,1,1,1,0,0,0
https://github.com/meltano/meltano,1,1,1,1,1,1
https://github.com/mharrisb1/airflow-google-cloud-run-plugin,1,1,1,0,0,1
https://github.com/mhaythornthwaite/Football_Prediction_Project,1,1,1,0,0,1
https://github.com/michhar/azureml-keras-yolov3-custom,1,1,1,1,0,1
https://github.com/michhar/yolov4-jetson-azure-edge-solution,1,1,1,1,1,0
https://github.com/microsoft/AzureSearch-MRC,1,1,1,1,0,0
https://github.com/microsoft/FOST,1,1,1,0,0,0
https://github.com/microsoft/InnerEye-DeepLearning,1,1,1,1,0,1
https://github.com/microsoft/InnerEye-Inference,1,1,1,1,0,0
https://github.com/microsoft/MLOpsPython,1,1,1,1,0,0
https://github.com/microsoft/MLOps_VideoAnomalyDetection,1,1,1,1,0,0
https://github.com/microsoft/OnDemandMLflowTrainAndServe,1,1,1,0,0,0
https://github.com/microsoft/SkillsExtractorCognitiveSearch,1,1,1,1,0,0
https://github.com/microsoft/TechExcel-Implementing-automation-practices-using-Azure-OpenAI,1,1,1,1,0,0
https://github.com/microsoft/act,1,1,1,1,0,1
https://github.com/microsoft/aml-acceleration-template,1,1,1,1,1,0
https://github.com/microsoft/azure-search-query-classification,1,1,1,1,0,1
https://github.com/microsoft/azure-synapse-spark-metrics,1,1,1,0,0,1
https://github.com/microsoft/cookiecutter-spacy-fastapi,1,1,1,0,0,0
https://github.com/microsoft/dstoolkit-azoda,1,1,1,1,0,0
https://github.com/microsoft/dstoolkit-e2e-presidio-evaluation,1,1,1,0,0,1
https://github.com/microsoft/dstoolkit-mlops-base,1,1,1,1,0,0
https://github.com/microsoft/dstoolkit-mlops-databricks,1,1,1,0,0,1
https://github.com/microsoft/dstoolkit-objectdetection-tensorflow-azureml,1,1,1,1,1,1
https://github.com/microsoft/hi-ml,1,1,1,1,0,1
https://github.com/microsoft/qlib,1,1,1,1,0,1
https://github.com/microsoft/sample-app-aoai-chatGPT,1,1,1,0,0,1
https://github.com/microsoft/simple_ado,1,1,1,0,0,1
https://github.com/microsoft/vscode-tools-for-ai,1,1,1,1,1,0
https://github.com/mimi-030/GCP-translation-API-Demo,1,1,1,1,0,2
https://github.com/mindsdb/mindsdb,1,1,0,0,1,1
https://github.com/minimaxir/gpt-3-experiments,1,1,1,0,0,1
https://github.com/mjrodri/Stock-Market-Analysis-And-Forecasting-Using-LSTM,1,1,1,1,0,0
https://github.com/ml-tooling/opyrator,1,1,1,0,0,1
https://github.com/mlc-ai/mlc-llm,1,1,1,0,0,1
https://github.com/mlflow/mlflow,1,1,0,1,0,1
https://github.com/mljar/mljar-api-python,1,1,1,0,0,2
https://github.com/mokarian/azureVISearchableContent,1,1,1,1,0,2
https://github.com/molyswu/hand_detection,1,1,1,1,1,1
https://github.com/monkeylearn/monkeylearn-python,1,1,1,0,0,1
https://github.com/monnhoccon/yomitoru,1,1,1,1,0,1
https://github.com/mre500/jiang-jung-dian,1,1,1,0,0,0
https://github.com/mtulio/azion-python-sdk,1,1,1,0,0,2
https://github.com/naman-raturi/uber-data-engineering-project,1,1,1,0,0,0
https://github.com/navinanandaraj/forecast,1,1,1,0,1,0
https://github.com/nccgroup/ScoutSuite,1,1,1,1,1,1
https://github.com/nchah/google-vision-api-image-annotate,1,1,1,0,0,0
https://github.com/nebiyuelias1/gebeya-ai-project,1,1,1,0,0,0
https://github.com/neo7505/Azure-Search-OpenAI,1,1,1,1,0,1
https://github.com/neurons-lab/genai-personalized-engagement-suite,1,1,1,0,1,0
https://github.com/nfmoore/azure-ml-mlops-example-scenarios,1,1,1,1,0,0
https://github.com/nfmoore/azure-open-ai-example-scenarios,1,1,1,1,0,0
https://github.com/ni79ls/coinbase-google-gcp-crypto-trading-bot,1,1,1,0,0,1
https://github.com/niall-turbitt/e2e-mlops-azure,1,1,1,0,0,0
https://github.com/nickward13/social-services-chatbot,1,1,1,0,0,0
https://github.com/nik-shvetsov/azure-cv,1,1,1,0,0,0
https://github.com/nikosheng/forecast_dataset_etl,1,1,1,0,0,0
https://github.com/noahgift/azure-ml-devops,1,1,1,0,0,0
https://github.com/noahgift/flask-ml-azure-serverless,1,1,1,0,0,0
https://github.com/nohanaga/azure-cognitive-search-generate-embeddings-skill,1,1,1,0,0,1
https://github.com/npatel38/Azure-Cognitive-Service-Face-API,1,1,1,0,0,0
https://github.com/oap-project/cloudtik,1,1,0,1,0,1
https://github.com/oap-project/raydp,1,1,1,1,1,1
https://github.com/octabytes/FireO,1,1,1,1,0,0
https://github.com/odd12258053/agraffe,1,1,1,1,0,0
https://github.com/oegedijk/explainerdashboard,1,1,1,0,0,0
https://github.com/okzapradhana/cloud-flower,1,1,1,1,0,0
https://github.com/olafwrieden/batch-transcription-python-azure-databricks,1,1,1,0,0,1
https://github.com/open-jarvis/sdk,1,1,1,0,0,0
https://github.com/openai/openai-python,1,1,1,1,0,1
https://github.com/openmm/openmm-ml,1,1,1,0,0,0
https://github.com/operand/agency,1,1,1,0,0,1
https://github.com/orelzion/detect-face-api,1,1,1,0,0,1
https://github.com/ovokpus/Python-Azure-AI-REST-APIs,1,1,1,1,0,2
https://github.com/patrickchugh/terravision,1,1,1,0,0,0
https://github.com/pimlock/whats-your-name,1,1,1,0,1,0
https://github.com/pingren/openart-jina-eah-showcase,1,1,1,0,0,0
https://github.com/pixielabs/trend-sentiment-analysis,1,1,1,1,1,1
https://github.com/pmp369/GCP-AI-ML,1,1,1,1,1,0
https://github.com/postmanlabs/httpbin,1,1,1,0,0,1
https://github.com/pourabkarchaudhuri/azure-face-insights-skintone-detection,1,1,1,0,0,0
https://github.com/praneet22/DevOpsForAI,1,1,1,1,1,0
https://github.com/prathap9000/AzureCogSearch-OpenAPI,1,1,1,1,0,0
https://github.com/professorpalmer/real-time-video-translator,1,1,1,1,0,1
https://github.com/public-apis/public-apis,1,1,1,0,0,1
https://github.com/raghavan/PdfGptIndexer,1,1,1,0,0,0
https://github.com/rahatmaini/Class-Scribe-LE,1,1,1,0,0,0
https://github.com/raki2305/gcp_cloudfunction_dev,1,1,1,1,0,0
https://github.com/ramhiser/serverless-cloud-vision,1,1,1,0,0,0
https://github.com/ranaroussi/yfinance,1,1,1,0,0,1
https://github.com/randyharnarinesingh/MNIST_CNN_keras_google_cloud_platform,1,1,1,1,0,0
https://github.com/readytensor/rt_forecasting_amazon_chronos,1,1,1,0,0,0
https://github.com/rebels-ai/GroupEQBot,1,1,1,0,0,0
https://github.com/rebremer/devopsai_databricks,1,1,1,1,1,0
https://github.com/rebremer/realtime_video_processing,1,1,1,0,1,1
https://github.com/recommenders-team/recommenders,1,1,0,1,0,1
https://github.com/rhodesrm/EmotionSense,1,1,1,0,0,0
https://github.com/ricauduro/video_face_detection,1,1,1,0,0,0
https://github.com/ricauduro/video_face_recognition,1,1,1,0,0,0
https://github.com/rimmelasghar/Production-Ready-Model-FastAPI,1,1,1,0,0,0
https://github.com/rishabkumar7/langchain-azure-ai-search-rag,1,1,1,1,0,0
https://github.com/ritahoang94/Object-detection-with-azure-custom-vision,1,1,1,1,1,0
https://github.com/robmarkcole/HASS-amazon-rekognition-text,1,1,1,0,1,0
https://github.com/rohan472000/Laptop-recommender-pipeline-GCP-ML-python,1,1,1,1,0,0
https://github.com/rohithmahesh3/pascaltocsv,1,1,1,0,0,0
https://github.com/rominirani/genai-apptemplates-googlecloud,1,1,1,1,1,0
https://github.com/rover0811/GDSC_Solution_Challenge,1,1,1,1,0,0
https://github.com/rtlee9/serveit,1,1,1,0,0,0
https://github.com/run-house/runhouse,1,1,1,0,1,1
https://github.com/run-x/opta,1,1,1,0,1,1
https://github.com/ruoccofabrizio/azure-cognitive-search-async-azure-open-ai,1,1,1,1,0,0
https://github.com/ruoccofabrizio/azure-cognitive-search-multiple-containers-indexer,1,1,1,1,0,1
https://github.com/ruoccofabrizio/azure-open-ai-embeddings-qna,1,1,1,0,0,2
https://github.com/ruoccofabrizio/azure-search-video-knowledge-mining,1,1,1,1,0,0
https://github.com/ryanchynoweth44/AzureMachineLearningWithDatabricks,1,1,1,1,1,0
https://github.com/ryancruz2/TCC-Function,1,1,1,1,0,0
https://github.com/ryfeus/gcf-packs,1,1,0,1,0,0
https://github.com/ryo-ma/gpt-assistants-api-ui,1,1,1,0,0,0
https://github.com/s0md3v/roop,1,1,1,1,1,1
https://github.com/saleor/saleor,1,1,1,0,1,1
https://github.com/sameer-goel/Smart-HR-Bot-with-SentimentAnalysis-Integrated-with-SMS-and-other-services,1,1,1,0,1,0
https://github.com/sameers22/WildLife,1,1,1,0,0,0
https://github.com/samiranand1990/gcp-mlops-life-cycle,1,1,1,0,0,0
https://github.com/sanjeevkumar761/rag-doc-intelligence-ai-search,1,1,1,1,0,0
https://github.com/sarus-tech/tf2-published-models,1,1,1,1,0,0
https://github.com/sashwini-92/airbnb_price_prediction-using-FastAPI-Azure-deployment,1,1,1,0,0,0
https://github.com/sassoftware/python-dlpy,1,1,1,0,0,1
https://github.com/sayantann11/all-classification-templetes-for-ML,1,1,1,0,0,0
https://github.com/sbonnet-dev/openai-sales,1,1,1,1,0,0
https://github.com/scottfrasso/host-a-model,1,1,1,1,0,0
https://github.com/scottrpoulin/gcp-mlops-demo,1,1,1,1,0,0
https://github.com/sebytremblay/attendance-assistant,1,1,1,1,0,1
https://github.com/selvaHome/amazon-forecast-public,1,1,1,0,1,0
https://github.com/selvaHome/gluonts,1,1,1,0,0,0
https://github.com/sergio-pestana/Data-Pipeline-using-Airflow-DBT-and-GCP,1,1,1,1,0,2
https://github.com/sevengivings/subtitle-xtranslator,1,1,1,1,0,1
https://github.com/sfoteini/Flask-AI-WebApp,1,1,1,0,0,2
https://github.com/sgarcesv/amazon-forecast-sagemaker-mlops-immersionday,1,1,1,0,1,0
https://github.com/sgarcesv/aws-amazon-forecast-mlops,1,1,1,0,1,0
https://github.com/sgujjar/ai-search-demo,1,1,1,1,0,1
https://github.com/shaswatkr/FaceDetection-Azure,1,1,1,0,0,0
https://github.com/shaz13/katana,1,1,1,0,0,0
https://github.com/shreyas-jk/ML-Portal-FastAPI,1,1,1,0,0,0
https://github.com/shubha-rajan/starter-project-scripts,1,1,1,1,0,0
https://github.com/shuuji3/cloud-screen-translation,1,1,1,1,0,0
https://github.com/shwetakumawat/GCP-deployment-of-Machine-Learning-application-using-streamLit-and-Google-prioritization-system-ML-,1,1,1,1,0,0
https://github.com/simonedeponti/AzureSearchEmulator,1,1,1,0,0,1
https://github.com/simonloew/mlops_on_gcp,1,1,1,1,0,0
https://github.com/sjaffry/AmazonForecastAutomation,1,1,1,0,1,0
https://github.com/skyplane-project/skyplane,1,1,1,1,1,1
https://github.com/slightlybae/TranslatebyChii-WebApp,1,1,1,0,0,1
https://github.com/spotty-cloud/spotty,1,1,1,0,1,1
https://github.com/stellashen0911/AWS-Personalized-Movie-Recommendation-Project,1,1,1,0,1,0
https://github.com/stephen-howell/AI-for-Accessibility-Vision-AI-Captioning,1,1,1,0,0,0
https://github.com/stephen-howell/Azure-Cognitive-Services-Computer-Vision-Student-Guide,1,1,1,0,0,0
https://github.com/stevenaldinger/vertex-ai-google-cloud-billing,1,1,1,1,1,0
https://github.com/stitionai/devika,1,1,1,0,0,1
https://github.com/streiman/tag-my-picture,1,1,1,0,1,2
https://github.com/sujoy-saha/Develop-Azure-AI-solutions,1,1,1,0,0,0
https://github.com/superagent-ai/super-rag,1,1,1,0,0,0
https://github.com/supperted825/RPi_SmartInventoryTracker,1,1,1,1,0,0
https://github.com/supreetn/Energy-Consumption-Big-Data-Analysis-using-AWS,1,1,1,0,1,0
https://github.com/svc-develop-team/so-vits-svc,1,1,1,0,0,1
https://github.com/swkong2014/pd-senti-analysis,1,1,1,1,0,0
https://github.com/szczyglis-dev/py-gpt,1,1,1,0,0,1
https://github.com/szeamer/google-cloud-vision-script,1,1,1,1,0,0
https://github.com/taikinman/langrila,1,1,1,0,1,1
https://github.com/talkiq/gcloud-aio,1,1,1,0,0,0
https://github.com/tanakon8529/Azure-OpenAI-Integration,1,1,1,0,0,0
https://github.com/tanvinaminul/face-recognition,1,1,1,1,0,0
https://github.com/teamclairvoyant/airflow-rest-api-plugin,1,1,1,0,0,1
https://github.com/techforge23/Dash-Video-App,1,1,1,0,1,0
https://github.com/teja156/amazon-rekognition-example,1,1,1,0,1,0
https://github.com/teopopescu/machine-learning-on-gcp,1,1,1,1,1,1
https://github.com/teslakoile/gcloud-realtime-translator,1,1,1,1,0,0
https://github.com/teterouge/AOAI-AzureSearch-Excel,1,1,1,1,0,0
https://github.com/tflearn/tflearn,1,1,1,1,1,1
https://github.com/theendofline/gcp_nlp_solution,1,1,1,1,0,0
https://github.com/therealyash13/Text-to-Image-Generation-using-Stable-Diffusion-1.5-on-Google-Cloud-Platform-Vertex-AI,1,1,1,0,0,0
https://github.com/thinkingatoms/epub_translator,1,1,1,1,0,0
https://github.com/thornj18/intruderdetection-finalproject,1,1,1,0,0,0
https://github.com/tian-minghui/openai-style-api,1,1,1,1,0,1
https://github.com/tiangolo/fastapi,1,1,1,0,0,1
https://github.com/timiredmind/recommender_system,1,1,1,0,1,0
https://github.com/timothywarner/ai100,1,1,1,1,0,1
https://github.com/tingly3101/basic_rag,1,1,1,1,0,0
https://github.com/tirthajyoti/UCI-ML-API,1,1,1,0,0,1
https://github.com/toddrob99/MLB-StatsAPI,1,1,1,0,0,1
https://github.com/todokku/DeployMachineLearningModels,1,1,1,0,0,0
https://github.com/tsuresh/gcp-ml-deployment-workshop,1,1,1,1,1,0
https://github.com/ttaschke/airflow_aws_forecast_plugins,1,1,1,0,0,0
https://github.com/tusharbhadak/AIapp,1,1,1,0,0,1
https://github.com/twintproject/twint,1,1,1,0,0,0
https://github.com/tyayers/appsheet-documentai-adapter,1,1,1,1,0,0
https://github.com/ueberhund/ml-workshop-examples,1,1,1,0,1,0
https://github.com/ujjwalr/textract,1,1,1,0,1,1
https://github.com/undergroundwires/Azure-in-bullet-points,1,1,1,0,0,0
https://github.com/unitaryai/detoxify,1,1,1,0,0,0
https://github.com/unix68/ocrboe,1,1,1,0,0,0
https://github.com/ushakrishnan/SearchWithOpenAI,1,1,1,1,0,0
https://github.com/uuazed/numerapi,1,1,1,0,0,0
https://github.com/varshakhandekar/MLAssignGCP_RF,1,1,1,0,0,0
https://github.com/vchinnipilli/kubestriker,1,1,1,0,0,1
https://github.com/vdivakar/azureTTS,1,1,1,0,0,0
https://github.com/vedantbahel/Object-Detection-Custom-Vision,1,1,1,1,1,0
https://github.com/veridu/veridu-python,1,1,1,0,0,0
https://github.com/victortrac/stratosphere,1,1,1,0,0,0
https://github.com/vikramshinde12/document-ai-in-gcp,1,1,1,1,0,0
https://github.com/vivektiwari1986/azurecv,1,1,1,0,0,0
https://github.com/vmalgi/RASA-NLU---Chatbot,1,1,1,0,0,0
https://github.com/vpasquier/chronos-forecasting,1,1,1,0,0,0
https://github.com/wamaithaNyamu/Building-a-telegram-bot-using-azure-cognitive-services,1,1,1,1,0,0
https://github.com/wandb/wandb,1,0,0,1,1,1
https://github.com/wheeled/translate,1,1,1,1,0,2
https://github.com/whiskyboy/cogsgpt,1,1,1,0,0,1
https://github.com/will-wright-eng/shell-gpt-vertex-ai,1,1,1,0,0,0
https://github.com/wjnnora/Tensorflow-App,1,1,1,1,1,0
https://github.com/wwu-mmll/photonai,1,1,1,1,0,0
https://github.com/xorbitsai/xorbits,1,0,0,1,1,0
https://github.com/yahirb/Animal-as-a-Service,1,1,1,0,0,0
https://github.com/ydmarinb/app-ci-cd,1,1,1,1,0,0
https://github.com/ye1dos/object-detection-with-azure,1,1,1,0,0,1
https://github.com/yison-cpu/real-time-personalized-movie-recommendations-with-Amazon-Personalize,1,1,1,0,1,0
https://github.com/ykzj/gaming-analytics,1,1,1,1,0,0
https://github.com/yokawasa/azure-search-ta,1,1,1,0,0,0
https://github.com/yokawasa/scrapy-azuresearch-crawler-samples,1,1,1,0,0,0
https://github.com/youfou/wxpy,1,1,1,0,0,1
https://github.com/youngwjung/personalize_demo,1,1,1,0,1,0
https://github.com/youngzm339/SmartAppToHelpSeniorsAPI,1,1,1,0,0,0
https://github.com/yusufsezer/OCR_Translator_App,1,1,1,1,0,0
https://github.com/yxor/translate-json,1,1,1,0,0,2
https://github.com/zhayujie/chatgpt-on-wechat,1,1,1,0,0,1
https://github.com/zhufengme/azure-tts-service,1,1,1,0,0,0
https://github.com/zmkarakas/Azure-Cognitive-Services---Getting-busy-with-vision-API,1,1,1,0,0,0
